show databases;
use hospital_management;
show tables;
INSERT INTO Patients (Patient_ID, First_Name, Last_Name, DOB, Gender, Contact_Number, Email, Blood_Type, Insurance_Provider, Insurance_Number) VALUES
(1, 'Amit', 'Sharma', '1990-05-12', 'M', '9876543210', 'amit.sharma@email.com', 'O+', 'Max Bupa', 'INS123456'),
(2, 'Priya', 'Singh', '1985-09-23', 'F', '8765432109', 'priya.singh@email.com', 'A-', 'HDFC Ergo', 'INS654321'),
(3, 'Rahul', 'Verma', '1995-03-15', 'M', '7654321098', 'rahul.verma@email.com', 'B+', 'Apollo Munich', 'INS789123'),
(4, 'Neha', 'Gupta', '1982-11-30', 'F', '6543210987', 'neha.gupta@email.com', 'AB+', 'ICICI Lombard', 'INS456987'),
(5, 'Vikram', 'Rao', '1978-08-21', 'M', '9432109876', 'vikram.rao@email.com', 'O-', 'Religare', 'INS321654'),
(6, 'Kiran', 'Desai', '1991-12-05', 'F', '8321098765', 'kiran.desai@email.com', 'B-', 'Bajaj Allianz', 'INS852963'),
(7, 'Anil', 'Kumar', '1989-07-14', 'M', '7210987654', 'anil.kumar@email.com', 'A+', 'New India Assurance', 'INS159357'),
(8, 'Swati', 'Joshi', '1994-02-18', 'F', '6109876543', 'swati.joshi@email.com', 'AB-', 'Star Health', 'INS753159'),
(9, 'Rohit', 'Mehta', '1980-06-27', 'M', '5098765432', 'rohit.mehta@email.com', 'O+', 'TATA AIG', 'INS147258'),
(10, 'Pooja', 'Malhotra', '1993-04-10', 'F', '4087654321', 'pooja.malhotra@email.com', 'A-', 'Bharti AXA', 'INS963852'),
(11, 'Manoj', 'Chopra', '1987-01-09', 'M', '3098765412', 'manoj.chopra@email.com', 'B+', 'SBI Health', 'INS369258'),
(12, 'Divya', 'Bhatia', '1992-09-11', 'F', '2087654321', 'divya.bhatia@email.com', 'O-', 'Oriental Insurance', 'INS741852'),
(13, 'Suresh', 'Patil', '1983-11-07', 'M', '1076543210', 'suresh.patil@email.com', 'A+', 'National Insurance', 'INS258147'),
(14, 'Radhika', 'Kapoor', '1996-08-22', 'F', '9876543211', 'radhika.kapoor@email.com', 'B-', 'Max Bupa', 'INS963741'),
(15, 'Harish', 'Sharma', '1975-05-29', 'M', '8765432110', 'harish.sharma@email.com', 'AB+', 'HDFC Ergo', 'INS357951'),
(16, 'Sneha', 'Reddy', '1981-12-31', 'F', '7654321109', 'sneha.reddy@email.com', 'O+', 'Apollo Munich', 'INS123789'),
(17, 'Rajesh', 'Tiwari', '1984-04-17', 'M', '6543211098', 'rajesh.tiwari@email.com', 'A-', 'ICICI Lombard', 'INS852741'),
(18, 'Anita', 'Gupta', '1990-07-19', 'F', '5432110987', 'anita.gupta@email.com', 'B+', 'Religare', 'INS654987'),
(19, 'Vinay', 'Kumar', '1997-03-02', 'M', '4321109876', 'vinay.kumar@email.com', 'O-', 'Bajaj Allianz', 'INS987321'),
(20, 'Komal', 'Deshmukh', '1988-06-13', 'F', '3211098765', 'komal.deshmukh@email.com', 'A+', 'New India Assurance', 'INS753486');
INSERT INTO Patient_Addresses (Address_ID, Patient_ID, Address_Line1, Address_Line2, City, State, ZIP_Code) VALUES
(1, 1, '123 Green St', 'Apt 4B', 'Delhi', 'Delhi', '110001'),
(2, 2, '456 Blue Rd', 'Suite 7A', 'Mumbai', 'Maharashtra', '400001'),
(3, 3, '789 Red Ave', 'Block C', 'Bangalore', 'Karnataka', '560001'),
(4, 4, '321 Yellow St', 'House 5', 'Chennai', 'Tamil Nadu', '600001'),
(5, 5, '654 Orange Rd', 'Villa 12', 'Hyderabad', 'Telangana', '500001'),
(6, 6, '987 Pink Ln', 'Flat 2', 'Pune', 'Maharashtra', '411001'),
(7, 7, '135 Brown Dr', 'Floor 3', 'Kolkata', 'West Bengal', '700001'),
(8, 8, '246 Black St', 'Apt 9B', 'Ahmedabad', 'Gujarat', '380001'),
(9, 9, '579 White Rd', 'Bungalow 1', 'Jaipur', 'Rajasthan', '302001'),
(10, 10, '864 Purple Ln', 'Penthouse', 'Lucknow', 'Uttar Pradesh', '226001'),
(11, 11, '193 Grey Dr', 'Suite 10C', 'Chandigarh', 'Punjab', '160001'),
(12, 12, '222 Teal St', 'Block D', 'Indore', 'Madhya Pradesh', '452001'),
(13, 13, '111 Cyan Ln', 'Apartment 7', 'Nagpur', 'Maharashtra', '440001'),
(14, 14, '777 Lavender Rd', 'House 3', 'Patna', 'Bihar', '800001'),
(15, 15, '888 Violet St', 'Flat 6', 'Bhopal', 'Madhya Pradesh', '462001'),
(16, 16, '999 Gold Ave', 'Bungalow 8', 'Kanpur', 'Uttar Pradesh', '208001'),
(17, 17, '123 Silver Ln', 'Floor 5', 'Guwahati', 'Assam', '781001'),
(18, 18, '456 Bronze Rd', 'Suite 2A', 'Dehradun', 'Uttarakhand', '248001'),
(19, 19, '789 Copper St', 'Block B', 'Shimla', 'Himachal Pradesh', '171001'),
(20, 20, '321 Platinum Ln', 'Villa 15', 'Goa', 'Goa', '403001');
INSERT INTO Doctors (Doctor_ID, First_Name, Last_Name, Specialization, Contact_Number, Email, Experience_Years, Department_ID) VALUES
(1, 'Sanjay', 'Mishra', 'Cardiology', '9876543210', 'sanjay.mishra@email.com', 15, 101),
(2, 'Preeti', 'Sharma', 'Neurology', '8765432109', 'preeti.sharma@email.com', 10, 102),
(3, 'Rohan', 'Verma', 'Orthopedics', '7654321098', 'rohan.verma@email.com', 8, 103),
(4, 'Anjali', 'Gupta', 'Pediatrics', '6543210987', 'anjali.gupta@email.com', 12, 104),
(5, 'Vikram', 'Singh', 'Dermatology', '9432109876', 'vikram.singh@email.com', 9, 105),
(6, 'Meera', 'Rao', 'ENT', '8321098765', 'meera.rao@email.com', 7, 106),
(7, 'Rajesh', 'Patil', 'Gastroenterology', '7210987654', 'rajesh.patil@email.com', 13, 107),
(8, 'Kavita', 'Desai', 'Nephrology', '6109876543', 'kavita.desai@email.com', 11, 108),
(9, 'Amit', 'Joshi', 'Pulmonology', '5098765432', 'amit.joshi@email.com', 6, 109),
(10, 'Sweta', 'Chopra', 'Endocrinology', '4087654321', 'sweta.chopra@email.com', 14, 110),
(11, 'Arjun', 'Kapoor', 'Psychiatry', '3098765412', 'arjun.kapoor@email.com', 5, 111),
(12, 'Divya', 'Bhatia', 'Radiology', '2087654321', 'divya.bhatia@email.com', 16, 112),
(13, 'Suresh', 'Kumar', 'Oncology', '1076543210', 'suresh.kumar@email.com', 10, 113),
(14, 'Nidhi', 'Reddy', 'Urology', '9876543211', 'nidhi.reddy@email.com', 9, 114),
(15, 'Harish', 'Tiwari', 'Gynecology', '8765432110', 'harish.tiwari@email.com', 12, 115),
(16, 'Sneha', 'Pillai', 'Ophthalmology', '7654321109', 'sneha.pillai@email.com', 7, 116),
(17, 'Ramesh', 'Bose', 'General Surgery', '6543211098', 'ramesh.bose@email.com', 8, 117),
(18, 'Anita', 'Mehta', 'Anesthesiology', '5432110987', 'anita.mehta@email.com', 11, 118),
(19, 'Vinay', 'Naik', 'Pathology', '4321109876', 'vinay.naik@email.com', 6, 119),
(20, 'Komal', 'Deshmukh', 'Dentistry', '3211098765', 'komal.deshmukh@email.com', 5, 120);
INSERT INTO Appointments (Appointment_ID, Patient_ID, Doctor_ID, Appointment_Date, Appointment_Time, Status, Reason) VALUES
(1, 1, 5, '2024-02-01', '10:00:00', 'Completed', 'Routine check-up'),
(2, 2, 8, '2024-02-02', '11:30:00', 'Scheduled', 'Skin allergy treatment'),
(3, 3, 12, '2024-02-03', '14:00:00', 'Completed', 'MRI scan'),
(4, 4, 15, '2024-02-04', '09:00:00', 'Cancelled', 'Pregnancy consultation'),
(5, 5, 3, '2024-02-05', '16:30:00', 'Scheduled', 'Knee pain examination'),
(6, 6, 7, '2024-02-06', '12:00:00', 'Completed', 'Stomach ache consultation'),
(7, 7, 10, '2024-02-07', '15:45:00', 'Scheduled', 'Diabetes follow-up'),
(8, 8, 14, '2024-02-08', '13:15:00', 'Completed', 'Kidney stone analysis'),
(9, 9, 17, '2024-02-09', '11:00:00', 'Cancelled', 'General surgery consultation'),
(10, 10, 20, '2024-02-10', '10:30:00', 'Scheduled', 'Dental cleaning'),
(11, 11, 6, '2024-02-11', '14:45:00', 'Completed', 'Ear infection check'),
(12, 12, 19, '2024-02-12', '09:30:00', 'Scheduled', 'Blood test'),
(13, 13, 13, '2024-02-13', '17:00:00', 'Completed', 'Cancer consultation'),
(14, 14, 9, '2024-02-14', '12:45:00', 'Scheduled', 'Asthma check-up'),
(15, 15, 4, '2024-02-15', '16:15:00', 'Completed', 'Child vaccination'),
(16, 16, 1, '2024-02-16', '10:15:00', 'Cancelled', 'Heart check-up'),
(17, 17, 2, '2024-02-17', '11:45:00', 'Scheduled', 'Migraine treatment'),
(18, 18, 11, '2024-02-18', '14:30:00', 'Completed', 'Mental health consultation'),
(19, 19, 16, '2024-02-19', '09:00:00', 'Scheduled', 'Eye check-up'),
(20, 20, 18, '2024-02-20', '15:00:00', 'Completed', 'Anesthesia consultation');
INSERT INTO Medical_Records (Record_ID, Patient_ID, Doctor_ID, Record_Date) VALUES
(1, 1, 5, '2024-02-01'),
(2, 2, 8, '2024-02-02'),
(3, 3, 12, '2024-02-03'),
(4, 4, 15, '2024-02-04'),
(5, 5, 3, '2024-02-05'),
(6, 6, 7, '2024-02-06'),
(7, 7, 10, '2024-02-07'),
(8, 8, 14, '2024-02-08'),
(9, 9, 17, '2024-02-09'),
(10, 10, 20, '2024-02-10'),
(11, 11, 6, '2024-02-11'),
(12, 12, 19, '2024-02-12'),
(13, 13, 13, '2024-02-13'),
(14, 14, 9, '2024-02-14'),
(15, 15, 4, '2024-02-15'),
(16, 16, 1, '2024-02-16'),
(17, 17, 2, '2024-02-17'),
(18, 18, 11, '2024-02-18'),
(19, 19, 16, '2024-02-19'),
(20, 20, 18, '2024-02-20');
INSERT INTO Diagnosis (Diagnosis_ID, Record_ID, Diagnosis_Details, Prescription) VALUES
(1, 1, 'Mild hypertension', 'Amlodipine 5mg daily'),
(2, 2, 'Eczema', 'Hydrocortisone cream 1% for topical use'),
(3, 3, 'Spinal disc herniation', 'Physiotherapy and pain relievers'),
(4, 4, 'Pregnancy', 'Prenatal vitamins and folic acid'),
(5, 5, 'Knee osteoarthritis', 'Ibuprofen 200mg daily'),
(6, 6, 'Gastroenteritis', 'Oral rehydration salts and anti-diarrheal medication'),
(7, 7, 'Type 2 Diabetes', 'Metformin 500mg twice daily'),
(8, 8, 'Kidney stones', 'Pain relief and hydration, surgery if required'),
(9, 9, 'Appendicitis', 'Immediate surgical consultation'),
(10, 10, 'Dental cavity', 'Fill cavity and follow-up in 1 week'),
(11, 11, 'Ear infection', 'Antibiotics: Amoxicillin 500mg thrice daily for 7 days'),
(12, 12, 'Anemia', 'Iron supplements and vitamin B12'),
(13, 13, 'Non-Hodgkin lymphoma', 'Chemotherapy treatment cycle'),
(14, 14, 'Asthma', 'Inhaler: Salbutamol as needed'),
(15, 15, 'Vaccination update', 'DTP and Hepatitis B vaccines'),
(16, 16, 'Heart disease', 'Beta-blockers and lifestyle changes'),
(17, 17, 'Migraine', 'Triptans and rest in a quiet room'),
(18, 18, 'Anxiety disorder', 'Cognitive behavioral therapy and anti-anxiety medication'),
(19, 19, 'Cataract', 'Surgical consultation for lens replacement'),
(20, 20, 'Anesthesia consultation', 'Pre-anesthesia screening and assessment');
INSERT INTO Billing (Bill_ID, Patient_ID, Total_Amount, Bill_Date, Payment_Status) VALUES
(1, 1, 200.00, '2024-02-01', 'Paid'),
(2, 2, 350.00, '2024-02-02', 'Unpaid'),
(3, 3, 500.00, '2024-02-03', 'Paid'),
(4, 4, 150.00, '2024-02-04', 'Paid'),
(5, 5, 220.00, '2024-02-05', 'Unpaid'),
(6, 6, 180.00, '2024-02-06', 'Paid'),
(7, 7, 450.00, '2024-02-07', 'Unpaid'),
(8, 8, 300.00, '2024-02-08', 'Paid'),
(9, 9, 700.00, '2024-02-09', 'Paid'),
(10, 10, 120.00, '2024-02-10', 'Unpaid'),
(11, 11, 280.00, '2024-02-11', 'Paid'),
(12, 12, 400.00, '2024-02-12', 'Unpaid'),
(13, 13, 550.00, '2024-02-13', 'Paid'),
(14, 14, 370.00, '2024-02-14', 'Unpaid'),
(15, 15, 250.00, '2024-02-15', 'Paid'),
(16, 16, 300.00, '2024-02-16', 'Unpaid'),
(17, 17, 600.00, '2024-02-17', 'Paid'),
(18, 18, 450.00, '2024-02-18', 'Unpaid'),
(19, 19, 500.00, '2024-02-19', 'Paid'),
(20, 20, 400.00, '2024-02-20', 'Unpaid');
INSERT INTO Payment_Details (Payment_ID, Bill_ID, Amount_Paid, Payment_Date, Payment_Mode) VALUES
(1, 1, 200.00, '2024-02-01', 'Credit Card'),
(2, 2, 100.00, '2024-02-02', 'Cash'),
(3, 3, 500.00, '2024-02-03', 'Credit Card'),
(4, 4, 150.00, '2024-02-04', 'Cash'),
(5, 5, 150.00, '2024-02-05', 'Debit Card'),
(6, 6, 180.00, '2024-02-06', 'Credit Card'),
(7, 7, 250.00, '2024-02-07', 'Debit Card'),
(8, 8, 300.00, '2024-02-08', 'Cash'),
(9, 9, 700.00, '2024-02-09', 'Credit Card'),
(10, 10, 120.00, '2024-02-10', 'Debit Card'),
(11, 11, 280.00, '2024-02-11', 'Cash'),
(12, 12, 400.00, '2024-02-12', 'Credit Card'),
(13, 13, 550.00, '2024-02-13', 'Debit Card'),
(14, 14, 370.00, '2024-02-14', 'Cash'),
(15, 15, 250.00, '2024-02-15', 'Credit Card'),
(16, 16, 300.00, '2024-02-16', 'Cash'),
(17, 17, 600.00, '2024-02-17', 'Debit Card'),
(18, 18, 450.00, '2024-02-18', 'Credit Card'),
(19, 19, 500.00, '2024-02-19', 'Cash'),
(20, 20, 400.00, '2024-02-20', 'Debit Card');
INSERT INTO Staff (Staff_ID, First_Name, Last_Name, Role, Contact_Number, Email, Department_ID, Salary, Shift_Timings) VALUES
(1, 'John', 'Doe', 'Nurse', '1234567890', 'john.doe@email.com', 1, 35000.00, '8 AM - 4 PM'),
(2, 'Jane', 'Smith', 'Doctor', '1234567891', 'jane.smith@email.com', 2, 85000.00, '9 AM - 5 PM'),
(3, 'Alex', 'Johnson', 'Pharmacist', '1234567892', 'alex.johnson@email.com', 3, 50000.00, '10 AM - 6 PM'),
(4, 'Emily', 'Davis', 'Nurse', '1234567893', 'emily.davis@email.com', 1, 34000.00, '2 PM - 10 PM'),
(5, 'Michael', 'Brown', 'Lab Technician', '1234567894', 'michael.brown@email.com', 4, 40000.00, '9 AM - 5 PM'),
(6, 'Olivia', 'Williams', 'Doctor', '1234567895', 'olivia.williams@email.com', 2, 95000.00, '8 AM - 4 PM'),
(7, 'David', 'Miller', 'Security Guard', '1234567896', 'david.miller@email.com', 5, 30000.00, 'Night Shift'),
(8, 'Sophia', 'Moore', 'Administrator', '1234567897', 'sophia.moore@email.com', 6, 55000.00, '9 AM - 5 PM'),
(9, 'Lucas', 'Taylor', 'Doctor', '1234567898', 'lucas.taylor@email.com', 2, 91000.00, '7 AM - 3 PM'),
(10, 'Charlotte', 'Anderson', 'Physiotherapist', '1234567899', 'charlotte.anderson@email.com', 7, 48000.00, '8 AM - 4 PM'),
(11, 'Liam', 'Thomas', 'Nurse', '1234567800', 'liam.thomas@email.com', 1, 35000.00, '3 PM - 11 PM'),
(12, 'Amelia', 'Jackson', 'Dietician', '1234567801', 'amelia.jackson@email.com', 8, 46000.00, '9 AM - 5 PM'),
(13, 'Benjamin', 'White', 'Security Guard', '1234567802', 'benjamin.white@email.com', 5, 32000.00, 'Morning Shift'),
(14, 'Mia', 'Harris', 'Pharmacist', '1234567803', 'mia.harris@email.com', 3, 52000.00, '10 AM - 6 PM'),
(15, 'Sebastian', 'Clark', 'Doctor', '1234567804', 'sebastian.clark@email.com', 2, 105000.00, '8 AM - 4 PM'),
(16, 'Grace', 'Lewis', 'Nurse', '1234567805', 'grace.lewis@email.com', 1, 33000.00, '2 PM - 10 PM'),
(17, 'Henry', 'Roberts', 'Lab Technician', '1234567806', 'henry.roberts@email.com', 4, 42000.00, '9 AM - 5 PM'),
(18, 'Ethan', 'Walker', 'Administrator', '1234567807', 'ethan.walker@email.com', 6, 60000.00, '8 AM - 4 PM'),
(19, 'Harper', 'Young', 'Physiotherapist', '1234567808', 'harper.young@email.com', 7, 49000.00, '9 AM - 5 PM'),
(20, 'Jackson', 'King', 'Security Guard', '1234567809', 'jackson.king@email.com', 5, 31000.00, 'Night Shift');
INSERT INTO Rooms (Room_ID, Room_Type, Capacity, Occupied_Status) VALUES
(1, 'Single', 1, 'Occupied'),
(2, 'Double', 2, 'Vacant'),
(3, 'ICU', 1, 'Occupied'),
(4, 'Single', 1, 'Vacant'),
(5, 'Double', 2, 'Occupied'),
(6, 'Single', 1, 'Vacant'),
(7, 'ICU', 1, 'Vacant'),
(8, 'Double', 2, 'Occupied'),
(9, 'Single', 1, 'Occupied'),
(10, 'Double', 2, 'Vacant'),
(11, 'Single', 1, 'Occupied'),
(12, 'ICU', 1, 'Vacant'),
(13, 'Single', 1, 'Vacant'),
(14, 'Double', 2, 'Occupied'),
(15, 'Single', 1, 'Occupied'),
(16, 'ICU', 1, 'Vacant'),
(17, 'Double', 2, 'Vacant'),
(18, 'Single', 1, 'Occupied'),
(19, 'Double', 2, 'Vacant'),
(20, 'Single', 1, 'Vacant');
INSERT INTO Admissions (Admission_ID, Patient_ID, Room_ID, Admission_Date, Discharge_Date, Diagnosis) VALUES
(1, 1, 1, '2024-02-01', '2024-02-05', 'Pneumonia'),
(2, 2, 2, '2024-02-02', '2024-02-07', 'Fractured Leg'),
(3, 3, 3, '2024-02-03', '2024-02-10', 'Heart Attack'),
(4, 4, 4, '2024-02-04', '2024-02-08', 'Bronchitis'),
(5, 5, 5, '2024-02-05', '2024-02-12', 'Asthma'),
(6, 6, 6, '2024-02-06', '2024-02-14', 'Stroke'),
(7, 7, 7, '2024-02-07', '2024-02-15', 'Covid-19'),
(8, 8, 8, '2024-02-08', '2024-02-16', 'Migraine'),
(9, 9, 9, '2024-02-09', '2024-02-18', 'Diabetes'),
(10, 10, 10, '2024-02-10', '2024-02-20', 'Appendicitis'),
(11, 11, 11, '2024-02-11', '2024-02-18', 'Pneumonia'),
(12, 12, 12, '2024-02-12', '2024-02-19', 'Hypertension'),
(13, 13, 13, '2024-02-13', '2024-02-22', 'Fractured Arm'),
(14, 14, 14, '2024-02-14', '2024-02-21', 'Food Poisoning'),
(15, 15, 15, '2024-02-15', '2024-02-23', 'Chronic Cough'),
(16, 16, 16, '2024-02-16', '2024-02-24', 'Arthritis'),
(17, 17, 17, '2024-02-17', '2024-02-25', 'Insomnia'),
(18, 18, 18, '2024-02-18', '2024-02-26', 'Stress'),
(19, 19, 19, '2024-02-19', '2024-02-27', 'High Fever'),
(20, 20, 20, '2024-02-20', '2024-02-28', 'Back Pain');
INSERT INTO Inventory (Item_ID, Item_Name, Category, Quantity, Supplier_ID, Purchase_Date) VALUES
(1, 'Bandage', 'Medical Supplies', 200, 1, '2024-01-10'),
(2, 'Syringe', 'Medical Supplies', 500, 2, '2024-01-12'),
(3, 'Stethoscope', 'Medical Equipment', 30, 3, '2024-01-15'),
(4, 'Thermometer', 'Medical Equipment', 50, 4, '2024-01-20'),
(5, 'Face Mask', 'Medical Supplies', 1000, 5, '2024-01-25'),
(6, 'Gloves', 'Medical Supplies', 800, 6, '2024-01-28'),
(7, 'X-Ray Machine', 'Medical Equipment', 1, 7, '2024-02-01'),
(8, 'Oxygen Cylinder', 'Medical Equipment', 10, 8, '2024-02-02'),
(9, 'Cotton Wool', 'Medical Supplies', 500, 9, '2024-02-05'),
(10, 'Wheelchair', 'Medical Equipment', 15, 10, '2024-02-07'),
(11, 'IV Set', 'Medical Supplies', 250, 11, '2024-02-10'),
(12, 'Blood Pressure Monitor', 'Medical Equipment', 20, 12, '2024-02-12'),
(13, 'Nebulizer', 'Medical Equipment', 5, 13, '2024-02-15'),
(14, 'Cough Syrup', 'Pharmaceuticals', 300, 14, '2024-02-18'),
(15, 'Pain Reliever', 'Pharmaceuticals', 400, 15, '2024-02-20'),
(16, 'Antibiotic Cream', 'Pharmaceuticals', 100, 16, '2024-02-22'),
(17, 'Surgical Mask', 'Medical Supplies', 1500, 17, '2024-02-25'),
(18, 'Hand Sanitizer', 'Medical Supplies', 600, 18, '2024-02-27'),
(19, 'ECG Machine', 'Medical Equipment', 2, 19, '2024-02-28'),
(20, 'Insulin Syringe', 'Pharmaceuticals', 200, 20, '2024-03-01');
INSERT INTO Suppliers (Supplier_ID, Supplier_Name, Contact_Number, Email, Address, Category_Provided) VALUES
(1, 'MedEquip Suppliers', '9876543210', 'contact@medequip.com', '123 Medical St, City, Country', 'Medical Equipment'),
(2, 'HealthFirst Pharmaceuticals', '9876543211', 'contact@healthfirst.com', '456 Pharma Ave, City, Country', 'Pharmaceuticals'),
(3, 'SafeMedical Inc.', '9876543212', 'contact@safemedical.com', '789 Safe St, City, Country', 'Medical Supplies'),
(4, 'TechHealth Solutions', '9876543213', 'contact@techhealth.com', '101 Tech Blvd, City, Country', 'Medical Equipment'),
(5, 'MediCare Equipments', '9876543214', 'contact@medicare.com', '202 Care Rd, City, Country', 'Medical Equipment'),
(6, 'PurePharma Ltd.', '9876543215', 'contact@purepharma.com', '303 Pharma Rd, City, Country', 'Pharmaceuticals'),
(7, 'OxygenWorld', '9876543216', 'contact@oxygenworld.com', '404 Oxygen Blvd, City, Country', 'Medical Supplies'),
(8, 'RapidTest Kits', '9876543217', 'contact@rapidtest.com', '505 Test Ln, City, Country', 'Medical Supplies'),
(9, 'EcoMedi Supplies', '9876543218', 'contact@ecomedi.com', '606 Eco Blvd, City, Country', 'Medical Supplies'),
(10, 'LifeCare Medical', '9876543219', 'contact@lifecare.com', '707 Life Blvd, City, Country', 'Medical Equipment'),
(11, 'SmartCare Solutions', '9876543220', 'contact@smartcare.com', '808 Smart St, City, Country', 'Medical Equipment'),
(12, 'SafePharm Co.', '9876543221', 'contact@safepharm.com', '909 Pharma Blvd, City, Country', 'Pharmaceuticals'),
(13, 'MediTech International', '9876543222', 'contact@meditech.com', '1010 Tech St, City, Country', 'Medical Equipment'),
(14, 'GreenHealth Ltd.', '9876543223', 'contact@greenhealth.com', '1111 Green Rd, City, Country', 'Pharmaceuticals'),
(15, 'Innovative Care Supplies', '9876543224', 'contact@innovativecare.com', '1212 Care Blvd, City, Country', 'Medical Supplies'),
(16, 'HealthyLife Inc.', '9876543225', 'contact@healthylife.com', '1313 Life Rd, City, Country', 'Medical Supplies'),
(17, 'OptiMedi Ltd.', '9876543226', 'contact@optimedi.com', '1414 Opti Blvd, City, Country', 'Medical Equipment'),
(18, 'MediChoice Pharmaceuticals', '9876543227', 'contact@medichoice.com', '1515 Choice Ave, City, Country', 'Pharmaceuticals'),
(19, 'TechMedi Equipment', '9876543228', 'contact@techmedi.com', '1616 Medi St, City, Country', 'Medical Equipment'),
(20, 'Secure Health Supplies', '9876543229', 'contact@securehealth.com', '1717 Health Rd, City, Country', 'Medical Supplies');
INSERT INTO Tests (Test_ID, Test_Name, Description, Price) VALUES
(1, 'Blood Test', 'General blood test to check for infections, anemia, etc.', 50.00),
(2, 'X-Ray', 'Diagnostic imaging to detect fractures and other conditions.', 150.00),
(3, 'MRI Scan', 'Magnetic resonance imaging to capture detailed images of organs and tissues.', 500.00),
(4, 'CT Scan', 'Computed tomography scan for detailed cross-sectional images of the body.', 400.00),
(5, 'Electrocardiogram (ECG)', 'Test to measure the electrical activity of the heart.', 100.00),
(6, 'Ultrasound', 'Imaging test using sound waves to examine organs and tissues.', 120.00),
(7, 'Urine Test', 'Analysis of urine to detect kidney disease, diabetes, and infections.', 30.00),
(8, 'Liver Function Test', 'Blood test to assess the function of the liver.', 80.00),
(9, 'Kidney Function Test', 'Blood test to measure kidney health and function.', 75.00),
(10, 'Pregnancy Test', 'Test to determine pregnancy based on hormone levels in urine or blood.', 25.00),
(11, 'Thyroid Test', 'Blood test to measure thyroid hormone levels.', 60.00),
(12, 'Cholesterol Test', 'Blood test to check cholesterol levels and heart disease risk.', 40.00),
(13, 'Allergy Test', 'Test to identify allergens causing allergic reactions.', 150.00),
(14, 'Cancer Screening', 'Test to detect various types of cancer.', 300.00),
(15, 'HIV Test', 'Blood test to detect HIV antibodies and infection.', 90.00),
(16, 'Hepatitis B Test', 'Blood test to detect Hepatitis B virus infection.', 85.00),
(17, 'Hepatitis C Test', 'Blood test to detect Hepatitis C virus infection.', 85.00),
(18, 'Blood Pressure Measurement', 'Test to measure blood pressure levels.', 20.00),
(19, 'Vision Test', 'Test to assess eye sight and detect vision problems.', 40.00),
(20, 'Hearing Test', 'Test to evaluate hearing ability and detect impairments.', 50.00);
INSERT INTO Lab_Reports (Report_ID, Patient_ID, Doctor_ID, Report_Date) VALUES
(1, 1, 1, '2025-01-01'),
(2, 2, 2, '2025-01-02'),
(3, 3, 3, '2025-01-03'),
(4, 4, 4, '2025-01-04'),
(5, 5, 5, '2025-01-05'),
(6, 6, 6, '2025-01-06'),
(7, 7, 7, '2025-01-07'),
(8, 8, 8, '2025-01-08'),
(9, 9, 9, '2025-01-09'),
(10, 10, 10, '2025-01-10'),
(11, 11, 11, '2025-01-11'),
(12, 12, 12, '2025-01-12'),
(13, 13, 13, '2025-01-13'),
(14, 14, 14, '2025-01-14'),
(15, 15, 15, '2025-01-15'),
(16, 16, 16, '2025-01-16'),
(17, 17, 17, '2025-01-17'),
(18, 18, 18, '2025-01-18'),
(19, 19, 19, '2025-01-19'),
(20, 20, 20, '2025-01-20');
INSERT INTO Test_Results (Result_ID, Report_ID, Test_ID, Results) VALUES
(1, 1, 1, 'Normal levels of red and white blood cells, no abnormalities detected.'),
(2, 2, 2, 'Fracture detected in the left femur, further treatment required.'),
(3, 3, 3, 'MRI scan shows minor disc herniation in the lumbar spine.'),
(4, 4, 4, 'CT scan results indicate a possible tumor in the abdomen, further tests recommended.'),
(5, 5, 5, 'ECG results show normal heart rhythm and no signs of arrhythmia.'),
(6, 6, 6, 'Ultrasound shows no abnormal findings in the liver and kidneys.'),
(7, 7, 7, 'Urine test results indicate high protein levels, further examination needed.'),
(8, 8, 8, 'Liver function test shows slightly elevated ALT and AST levels, indicating possible liver strain.'),
(9, 9, 9, 'Kidney function test results are within normal ranges, no signs of kidney damage.'),
(10, 10, 10, 'Pregnancy test shows a positive result for early pregnancy.'),
(11, 11, 11, 'Thyroid test results show normal TSH levels, no thyroid disorders detected.'),
(12, 12, 12, 'Cholesterol test results show slightly elevated LDL, patient advised to monitor diet.'),
(13, 13, 13, 'Allergy test shows sensitivity to pollen and dust mites.'),
(14, 14, 14, 'Cancer screening test results show no abnormalities or signs of cancer.'),
(15, 15, 15, 'HIV test results show negative for HIV antibodies, no infection present.'),
(16, 16, 16, 'Hepatitis B test shows negative results for Hepatitis B virus.'),
(17, 17, 17, 'Hepatitis C test shows positive for Hepatitis C antibodies, further treatment required.'),
(18, 18, 18, 'Blood pressure reading shows normal levels, no hypertension detected.'),
(19, 19, 19, 'Vision test results indicate mild myopia, glasses recommended.'),
(20, 20, 20, 'Hearing test results indicate mild hearing loss, further consultation needed.');
INSERT INTO Pharmacy (Medicine_ID, Medicine_Name, Category, Price) VALUES
(1, 'Paracetamol', 'Painkiller', 5.00),
(2, 'Ibuprofen', 'Painkiller', 7.00),
(3, 'Aspirin', 'Painkiller', 8.00),
(4, 'Amoxicillin', 'Antibiotic', 15.00),
(5, 'Ciprofloxacin', 'Antibiotic', 18.00),
(6, 'Metformin', 'Diabetic Medication', 20.00),
(7, 'Lisinopril', 'Blood Pressure Medication', 25.00),
(8, 'Omeprazole', 'Antacid', 10.00),
(9, 'Levothyroxine', 'Thyroid Medication', 30.00),
(10, 'Lorazepam', 'Anxiolytic', 12.00),
(11, 'Diphenhydramine', 'Antihistamine', 6.00),
(12, 'Cetirizine', 'Antihistamine', 8.00),
(13, 'Salbutamol', 'Asthma Medication', 14.00),
(14, 'Insulin', 'Diabetic Medication', 40.00),
(15, 'Hydrochlorothiazide', 'Diuretic', 22.00),
(16, 'Furosemide', 'Diuretic', 18.00),
(17, 'Fluoxetine', 'Antidepressant', 26.00),
(18, 'Sertraline', 'Antidepressant', 28.00),
(19, 'Warfarin', 'Anticoagulant', 35.00),
(20, 'Hydrocodone', 'Painkiller', 50.00);
INSERT INTO Stock (Stock_ID, Medicine_ID, Quantity_Available, Expiry_Date) VALUES
(1, 1, 100, '2026-12-31'),
(2, 2, 120, '2026-11-30'),
(3, 3, 150, '2026-10-31'),
(4, 4, 80, '2025-05-31'),
(5, 5, 75, '2025-08-31'),
(6, 6, 200, '2027-01-31'),
(7, 7, 50, '2025-09-30'),
(8, 8, 180, '2027-03-31'),
(9, 9, 65, '2025-12-31'),
(10, 10, 90, '2027-06-30'),
(11, 11, 130, '2026-07-31'),
(12, 12, 110, '2026-04-30'),
(13, 13, 95, '2025-10-31'),
(14, 14, 60, '2026-05-31'),
(15, 15, 140, '2027-07-31'),
(16, 16, 160, '2027-02-28'),
(17, 17, 85, '2026-09-30'),
(18, 18, 125, '2026-02-28'),
(19, 19, 70, '2026-06-30'),
(20, 20, 40, '2027-01-31');